investor_uuid,annualised_investments,experience,weighted_success_rate,diversity_bucket,success_bucket
f708ad5d-f30a-e2d4-71df-d944148fe151,0.1111111111111111,0.5454545454545454,0.875,Balanced,L1
c4bce773-e8e3-1690-69d9-96ca64b04f54,0.1111111111111111,0.5454545454545454,0.875,Universalist,L1
a26dc196-264b-430c-b695-50375bdccbc1,0.1111111111111111,0.6363636363636364,0.875,Universalist,L1
9bfea299-aaca-4471-91aa-344078f4853a,0.1111111111111111,0.6363636363636364,0.875,Universalist,L1
a024fec1-b65f-7b9a-20e8-6e12a7b58b6e,0.1111111111111111,0.6363636363636364,0.875,Universalist,L1
7d179d19-27b8-e00e-bbbd-94caf859a79a,0.1111111111111111,0.8181818181818182,0.625,Universalist,L2
592e5a20-0c0b-50a4-c9b7-e3cd2d9f0df2,0.1111111111111111,0.8181818181818182,0.625,Universalist,L2
1a74bd6d-cf69-1176-6bc9-a1e2caf64d60,0.3333333333333333,0.8181818181818182,0.6041666666666666,Universalist,L2
5ae2de2f-f56b-6e7a-bf51-76b51550db12,0.5555555555555556,0.6363636363636364,0.475,Universalist,L3
2854e892-03e3-4e3d-e277-329defd7b081,0.2222222222222222,0.7272727272727273,0.4375,Universalist,L3
1eb5764e-21ca-9b3a-7e62-ffa6bd38b35d,0.3333333333333333,0.3636363636363636,0.4375,Universalist,L3
01b78c00-b6e2-7cbc-8286-8d14d09d441e,0.7777777777777778,1.0,0.3571428571428571,Universalist,L4
61d8e770-abfb-7e2d-51a2-1eeee5b3b1f4,0.2222222222222222,0.8181818181818182,0.3125,Universalist,L4
d983b331-0887-4aa5-b434-7ea736b4b149,0.1111111111111111,0.3636363636363636,0.3125,Universalist,L4
09ac238a-4bb4-1c49-3ad2-cefc472495ec,0.1111111111111111,0.4545454545454545,0.3125,Universalist,L4
3197a4e9-38e5-47de-bba4-7b3499b71b5d,0.1111111111111111,0.4545454545454545,0.3125,Universalist,L4
8475d055-7990-01cc-1b80-0dfdc1810795,0.1111111111111111,0.4545454545454545,0.3125,Universalist,L4
73ac0000-4e67-7a49-a5ed-644abef27aff,0.1111111111111111,0.4545454545454545,0.3125,Universalist,L4
5a55351f-7bb0-aa63-3b02-8e2113e53df3,0.1111111111111111,0.4545454545454545,0.3125,Universalist,L4
a72d95c5-7286-47cc-9fbe-cb00bd7274f5,0.1111111111111111,0.3636363636363636,0.3125,Universalist,L4
822ba187-f617-35bf-48a0-2019cf14d6bb,0.1111111111111111,0.4545454545454545,0.3125,Universalist,L4
fb8d57c4-eb30-d2e3-ac69-b62cc0f27bbf,0.8888888888888888,0.9090909090909092,0.28125,Balanced,L4
e09fa548-9cd5-6fbb-c14d-ea5c840398c6,0.1111111111111111,0.6363636363636364,0.25,Focused,L4
e6c75878-7cdd-0fc9-95cd-0698e11a9e7a,0.1111111111111111,0.6363636363636364,0.25,Focused,L4
deccbaba-9bcb-85e9-38c9-67a1a3832f3e,0.1111111111111111,0.6363636363636364,0.25,Focused,L4
0cad02b2-12ec-5fd0-4f20-f5a6a8d14961,0.1111111111111111,0.6363636363636364,0.25,Focused,L4
6738f5f8-2618-71bb-6a22-5daa1c974a70,0.1111111111111111,0.6363636363636364,0.25,Focused,L4
e2130f60-dfaa-4add-bff4-9add6ebb2003,0.1111111111111111,0.6363636363636364,0.25,Universalist,L4
d430eaf7-3392-4dc2-9147-4319404863b2,0.1111111111111111,0.6363636363636364,0.25,Universalist,L4
2f9b212a-d3aa-a8c2-6317-516127c8ba88,0.1111111111111111,0.6363636363636364,0.25,Universalist,L4
5ff0f2a3-c56a-4384-9871-b4c636c60167,0.1111111111111111,0.6363636363636364,0.25,Focused,L4
c89bca7d-95d4-2694-4bed-9eb18ab2e5ac,0.1111111111111111,0.6363636363636364,0.25,Focused,L4
bc5b86bf-cd2f-14fa-cfbb-4ae3ffd11da6,0.1111111111111111,0.6363636363636364,0.25,Focused,L4
136fbb0d-d22b-45dd-9fe6-1ad81e90e388,0.2222222222222222,0.4545454545454545,0.1875,Universalist,L5
470213d0-23d8-fc60-2bb8-3e45ffe264a0,0.2222222222222222,0.4545454545454545,0.1875,Universalist,L5
34471979-64a6-4205-b858-b8688c5eb59d,0.2222222222222222,0.4545454545454545,0.1875,Universalist,L5
45a90b77-9e8f-e5ea-e508-2068c72e90e3,0.7777777777777778,1.0,0.1785714285714285,Universalist,L5
70db5de1-7334-d744-5e6d-31c9e3b8d764,1.4444444444444444,0.9090909090909092,0.1778846153846154,Universalist,L5
97fb7cc9-67b9-4dcf-8068-96e84069d269,0.8888888888888888,0.7272727272727273,0.1484375,Diverse,L5
e8add253-a824-0513-65b2-95b0286fce1e,0.7777777777777778,0.8181818181818182,0.1428571428571428,Universalist,L5
1e8fc43c-5110-0147-df21-7e98502b2aad,0.2222222222222222,0.5454545454545454,0.125,Universalist,L5
3af8e347-ea20-4ce6-82b7-5d3d376b4f4e,0.2222222222222222,0.5454545454545454,0.125,Universalist,L5
1a1e33cc-c71c-76c2-7e62-a910daf18278,0.2222222222222222,0.6363636363636364,0.125,Diverse,L5
c5cfd9fb-1941-4041-9ce4-0bb577f96174,0.2222222222222222,0.6363636363636364,0.125,Universalist,L5
592fe6cb-40cb-4db1-9b93-0764c2aae56d,0.2222222222222222,0.7272727272727273,0.125,Universalist,L5
267ff47f-8562-db1d-71f4-0496ffbf686e,0.3333333333333333,1.0,0.1041666666666666,Specialized,L5
24308cbc-514e-6dbc-007f-2e9e50ae1c1c,1.1111111111111112,1.0,0.0999999999999999,Universalist,L5
7b51fe92-910c-45d2-ae86-1789804d9887,0.4444444444444444,0.6363636363636364,0.09375,Universalist,L5
e41af97e-6cf5-413a-9e73-cab8b254eb04,0.4444444444444444,0.8181818181818182,0.09375,Universalist,L5
add1bcfe-41e3-7828-253b-d7c8694ed4ca,2.7777777777777777,1.0,0.085,Diverse,L5
d24f19eb-2284-1dba-93ef-53fd76321ea7,0.3333333333333333,1.0,0.0833333333333333,Diverse,L5
e3586713-e24d-a54c-b46a-0872577fbe19,0.3333333333333333,0.8181818181818182,0.0833333333333333,Focused,L5
b762c7e1-7212-5b8f-b315-5757d6a20338,0.3333333333333333,0.8181818181818182,0.0833333333333333,Focused,L5
a80524bc-d772-2f8b-f3d6-d564cd06a286,3.4444444444444446,1.0,0.0786290322580645,Balanced,L5
688ea60d-1033-854a-80e1-3bdff87b0168,0.4444444444444444,0.4545454545454545,0.078125,Specialized,L5
30d221aa-11e7-8379-b996-230477674c69,1.7777777777777777,0.9090909090909092,0.078125,Universalist,L5
130920af-0276-4f88-8f27-e13d09afff27,0.8888888888888888,0.6363636363636364,0.0703125,Specialized,L5
1e2a7088-70ec-4b88-b913-4f17f5262707,0.1111111111111111,0.2727272727272727,0.0625,Universalist,L5
0629bdfe-a38a-4999-ba80-805fad4530bf,0.1111111111111111,0.3636363636363636,0.0625,Focused,L5
931a52b1-a1e2-217e-8853-ddd835ca8e51,0.1111111111111111,0.3636363636363636,0.0625,Focused,L5
cdd2ce30-1193-f03f-ff0e-eed515e157f5,0.1111111111111111,0.3636363636363636,0.0625,Focused,L5
4b94fd6a-deb5-4136-8207-8cf1fbeb8b8b,0.1111111111111111,0.3636363636363636,0.0625,Universalist,L5
c01e9ab1-4054-4b71-839b-a9e570359ff0,0.1111111111111111,0.3636363636363636,0.0625,Universalist,L5
c60533c4-d98d-43ef-b7f5-e90cbcbdf769,0.1111111111111111,0.3636363636363636,0.0625,Universalist,L5
8bfbc27e-7909-4f5d-8319-249486bde55e,0.1111111111111111,0.3636363636363636,0.0625,Universalist,L5
8049cc29-7391-1960-6388-b6b9f1de741a,0.1111111111111111,0.2727272727272727,0.0625,Universalist,L5
01161aea-88a4-0aa0-8ba7-624943ed17cc,0.1111111111111111,0.3636363636363636,0.0625,Universalist,L5
d663d8d9-2597-4640-0b60-a8c457edcae3,0.1111111111111111,0.3636363636363636,0.0625,Universalist,L5
0430234f-8726-c064-b6c9-83bedf6a357d,0.1111111111111111,0.3636363636363636,0.0625,Universalist,L5
8e811d49-1bb3-4d59-bcb5-435a9fca258e,0.1111111111111111,0.2727272727272727,0.0625,Universalist,L5
f97e0dce-3681-fa29-8f09-ee9076ab342e,0.1111111111111111,0.2727272727272727,0.0625,Universalist,L5
43c3bd2c-d6f3-4174-8972-b37ac9e78c3a,0.1111111111111111,0.2727272727272727,0.0625,Universalist,L5
5e0b5408-0dda-4d79-a07d-cc1aeebe0178,0.1111111111111111,0.2727272727272727,0.0625,Universalist,L5
ab4800da-bde7-4548-8e34-c44582c2f2cf,0.6666666666666666,0.7272727272727273,0.0520833333333333,Universalist,L5
ca5d38b8-9c67-8938-2f93-dcb75d41d1d9,0.5555555555555556,1.0,0.05,Focused,L5
be165f3a-eac4-bfe1-6aba-83beff473a8a,0.5555555555555556,0.6363636363636364,0.05,Balanced,L5
7b80cd7d-ce42-2516-d816-23db6d9d2e93,0.5555555555555556,1.0,0.05,Specialized,L5
7cc06644-7207-13b8-eb19-9e21f7cbb6b9,0.3333333333333333,0.8181818181818182,0.0416666666666666,Balanced,L5
1a092405-ec3d-48ef-be88-9a5d4d6bbbc9,0.2222222222222222,0.4545454545454545,0.03125,Universalist,L5
cdfa2ca7-d4d8-ea5d-9d42-2d116f3487a5,0.2222222222222222,0.8181818181818182,0.03125,Balanced,L5
b76a4ec1-d159-643d-a96c-c9b743bcc893,0.2222222222222222,0.3636363636363636,0.03125,Universalist,L5
bbcbc5c8-3779-fc99-200f-626172103cf8,0.2222222222222222,0.2727272727272727,0.03125,Universalist,L5
5ff3d4a9-7030-dcb6-e2a5-2381982164da,0.2222222222222222,0.3636363636363636,0.03125,Diverse,L5
351349fd-aefb-0a41-f1a7-356d5d613be4,0.2222222222222222,0.8181818181818182,0.03125,Balanced,L5
5cdb5e61-b03b-4c2c-9481-9148c518584a,0.2222222222222222,0.8181818181818182,0.03125,Specialized,L5
f186e731-9f4e-7eec-c506-90d6e8a9ba9f,0.2222222222222222,0.8181818181818182,0.03125,Focused,L5
8825f10a-57d8-5bc4-69d0-d4f72cd97a25,0.2222222222222222,0.3636363636363636,0.03125,Focused,L5
3df3ac57-9cc4-93a4-d145-debacf6ba6bf,0.2222222222222222,1.0,0.03125,Universalist,L5
8f6e15f3-84ee-bd88-38e6-9171a81976b0,1.5555555555555556,0.6363636363636364,0.0267857142857142,Universalist,L5
89d10bf9-1fc6-4223-9b6b-48e41c6b52aa,1.7777777777777777,0.8181818181818182,0.0234375,Balanced,L5
caf5042e-4d19-458d-8328-066535c43ac8,0.3333333333333333,0.3636363636363636,0.0208333333333333,Focused,L5
477d6510-678c-42ee-8fa2-e884820601b8,0.3333333333333333,0.3636363636363636,0.0208333333333333,Diverse,L5
74c352f2-904f-45af-87d5-3917af65a734,2.333333333333333,0.5454545454545454,0.0208333333333333,Balanced,L5
6ac6e7bf-892f-e7b2-6264-147c3e32dfcb,0.3333333333333333,0.9090909090909092,0.0208333333333333,Universalist,L5
f34f152f-7654-44ee-9a87-33781fb750ec,0.3333333333333333,0.6363636363636364,0.0208333333333333,Universalist,L5
a399869f-4ee8-5ffd-a82d-e5b898582972,0.3333333333333333,0.7272727272727273,0.0208333333333333,Universalist,L5
dda47307-e52a-c245-946b-35b70eade7f4,0.6666666666666666,0.7272727272727273,0.0208333333333333,Universalist,L5
1b486ccc-05a2-25e3-6a13-2c72d78d9d69,0.3333333333333333,0.7272727272727273,0.0208333333333333,Diverse,L5
79a8917c-b454-4821-87f1-a57e2c701d1d,0.3333333333333333,0.6363636363636364,0.0208333333333333,Balanced,L5
52550fba-c702-77b3-346e-e59f053cfb6b,2.0,1.0,0.0173611111111111,Universalist,L5
91e4b32c-1d4f-49e2-a018-73bde9b0cd56,1.2222222222222223,0.8181818181818182,0.0170454545454545,Focused,L5
ed53eb7a-077c-76de-ffa6-94fbee9cd44a,0.4444444444444444,0.7272727272727273,0.015625,Universalist,L5
95a01eeb-1971-480d-8d86-fa7cbf2de4aa,0.4444444444444444,0.9090909090909092,0.015625,Specialized,L5
4acdde64-d667-8355-36ad-f47c38f488b3,0.4444444444444444,0.3636363636363636,0.015625,Universalist,L5
9d11d829-645f-4ebe-bbd1-e84d1a0ddaf0,17.77777777777778,1.0,0.013671875,Diverse,L5
dff82e10-19da-937f-324c-6ddd07718519,2.111111111111111,0.9090909090909092,0.0131578947368421,Specialized,L5
9f1a49b4-46e9-49f7-ad62-80b82559282a,0.5555555555555556,0.6363636363636364,0.0125,Balanced,L5
c10761b3-3227-4149-a3dd-5ca0a6380c5c,1.3333333333333333,0.7272727272727273,0.0104166666666666,Universalist,L5
66d637b5-d80a-c195-b67b-7587049e020d,0.6666666666666666,0.8181818181818182,0.0104166666666666,Universalist,L5
a390eb90-dd57-45b7-9aca-dd34c94cb849,0.6666666666666666,0.3636363636363636,0.0104166666666666,Balanced,L5
67830227-0d7b-3db5-53b0-87ccd5461a3f,0.6666666666666666,1.0,0.0104166666666666,Diverse,L5
1c1ad876-f904-3398-a6da-e00d82d81454,0.6666666666666666,0.5454545454545454,0.0104166666666666,Diverse,L5
506e8f43-5180-420f-9698-5d3af3409458,2.7777777777777777,0.9090909090909092,0.01,Specialized,L5
b268f558-589d-4626-856f-f21f1ff4f7bb,1.4444444444444444,0.7272727272727273,0.0096153846153846,Universalist,L5
7247b525-1c8c-a396-a5d2-89863f4d3c79,3.0,1.0,0.0092592592592592,Specialized,L5
ba54a387-a7fc-4e1f-b6bc-9ea01478071b,0.7777777777777778,0.4545454545454545,0.0089285714285714,Universalist,L5
65806cae-9ce4-419f-b8ba-0da81b2626dd,0.7777777777777778,0.9090909090909092,0.0089285714285714,Specialized,L5
ad9db9e9-9c2e-86a8-2b5c-deea1011fdd5,5.555555555555555,1.0,0.00875,Balanced,L5
126079e8-c838-49cc-8d8e-26155cde32cc,0.8888888888888888,0.6363636363636364,0.0078125,Diverse,L5
322e7871-ed3c-2cd6-9204-4a498d07bc91,0.8888888888888888,0.9090909090909092,0.0078125,Diverse,L5
774a9c40-e631-421b-a5a6-995ec2c6cb47,1.0,0.6363636363636364,0.0069444444444444,Focused,L5
78468bed-d2cc-4051-8de5-aa83cfca746f,1.0,0.8181818181818182,0.0069444444444444,Focused,L5
4867340d-1f2f-44b8-adde-2702657a3e9a,1.0,0.7272727272727273,0.0069444444444444,Balanced,L5
e2bdca0e-632f-8fa2-6ef6-5715dd1c6c93,2.111111111111111,0.7272727272727273,0.006578947368421,Diverse,L5
d587aeaa-5a11-c15a-02dd-46f5c4f05cb0,1.1111111111111112,0.8181818181818182,0.00625,Focused,L5
09b3c9c4-03c6-45f5-a223-ffed9f0d95ec,2.333333333333333,0.9090909090909092,0.0059523809523809,Specialized,L5
ab67c2c2-8537-4667-ae42-aa5e8b669d3e,3.333333333333333,1.0,0.0041666666666666,Diverse,L5
